{
  "mockpreview": {
    "mockUri": "",
    "metadataFilePath": "",
    "loadJSONFiles": false,
    "loadCustomRequests": false,
    "mockRequestsFilePath": ""
  },
  "deploy": {
    "destination": "Z32_S4_POC1",
    "name": "Z_VENDOR_WF"
  },
  "projectType": [
    "sap.watt.uitools.ide.fiori",
    "com.watt.common.builder.sapui5clientbuild"
  ],
  "build": {
    "buildRequired": false,
    "targetFolder": "dist",
    "lastBuildDateTime": "Tue, 18 Dec 2018 13:07:38 GMT"
  }
}