{
  "run": [
    {
      "filePath": "/index.html",
      "previewMode": 1,
      "dataMode": 1,
      "workspace": "withoutWorkspace",
      "ui5ActiveVersion": null,
      "ui5VerSource": null,
      "isDefaultVersion": 0,
      "urlParameters": [],
      "hashParameter": "",
      "backendSystem": [],
      "urlParametersNotNeeded": false,
      "_metadata": {
        "runnerId": "webapprunner",
        "id": 9313693,
        "displayName": "Run index.html",
        "lastRunTimeStamp": 1545137877287
      }
    },
    {
      "filePath": "/Z_VENDOR_WF/Component.js",
      "previewMode": 1,
      "dataMode": 1,
      "workspace": "withoutWorkspace",
      "ui5ActiveVersion": null,
      "ui5VerSource": null,
      "isDefaultVersion": 0,
      "urlParameters": [],
      "hashParameter": "",
      "backendSystem": [],
      "_metadata": {
        "runnerId": "fiorirunner",
        "id": 9028729,
        "displayName": "Run Component.js",
        "lastRunTimeStamp": 1527665486363
      }
    }
  ]
}