{
    "resources": [
        {
            "name": ".che/project.json"
        },
        {
            "name": ".gitignore"
        },
        {
            "name": ".project.json"
        },
        {
            "name": ".user.project.json"
        },
        {
            "name": "Component-preload.js",
            "merged": true
        },
        {
            "name": "Component.js"
        },
        {
            "name": "Gruntfile.js"
        },
        {
            "name": "controller/Main.controller.js"
        },
        {
            "name": "controls/CustomCombo.js"
        },
        {
            "name": "controls/CustomInput.js"
        },
        {
            "name": "controls/GoogleAutoComplete.js"
        },
        {
            "name": "controls/GoogleMap.js"
        },
        {
            "name": "css/style.css"
        },
        {
            "name": "dist"
        },
        {
            "name": "i18n/i18n.properties",
            "raw": "i18n/i18n.properties"
        },
        {
            "name": "img/misc/GrundfosLoading.png"
        },
        {
            "name": "index.html"
        },
        {
            "name": "localService/metadata.xml"
        },
        {
            "name": "manifest.json"
        },
        {
            "name": "model/AppControl.json"
        },
        {
            "name": "model/ApplicationFields.json"
        },
        {
            "name": "model/UIControl.json"
        },
        {
            "name": "model/models.js"
        },
        {
            "name": "neo-app.json"
        },
        {
            "name": "node_modules"
        },
        {
            "name": "package-lock.json"
        },
        {
            "name": "package.json"
        },
        {
            "name": "plugins/select2/dist"
        },
        {
            "name": "resources.json",
            "merged": true
        },
        {
            "name": "sap-ui-cachebuster-info.json"
        },
        {
            "name": "utils/CommonTools.js"
        },
        {
            "name": "utils/GoogleTranslator.js"
        },
        {
            "name": "view/AppCouldNotStart.fragment.xml"
        },
        {
            "name": "view/Footer.fragment.xml"
        },
        {
            "name": "view/Header.fragment.xml"
        },
        {
            "name": "view/Main.view.xml"
        },
        {
            "name": "view/StepHeader.fragment.xml"
        },
        {
            "name": "view/Wizard.fragment.xml"
        },
        {
            "name": "view/footer/Left.fragment.xml"
        },
        {
            "name": "view/footer/Middle.fragment.xml"
        },
        {
            "name": "view/footer/Right.fragment.xml"
        },
        {
            "name": "view/forms/AdditionalInfo.fragment.xml"
        },
        {
            "name": "view/forms/SearchIdentifySupplier.fragment.xml"
        },
        {
            "name": "view/forms/SupplierAddressInformation.fragment.xml"
        },
        {
            "name": "view/forms/SupplierAddressInformationNonLatin.fragment.xml"
        },
        {
            "name": "view/forms/SupplierContactInfo.fragment.xml"
        },
        {
            "name": "view/forms/SupplierPaymentInfo.fragment.xml"
        },
        {
            "name": "view/popups/InfoMessage.fragment.xml"
        },
        {
            "name": "view/steps/Step1.fragment.xml"
        },
        {
            "name": "view/steps/SupplierStep2.fragment.xml"
        },
        {
            "name": "view/steps/SupplierStep3.fragment.xml"
        },
        {
            "name": "view/steps/SupplierStep4.fragment.xml"
        },
        {
            "name": "view/steps/SupplierStep5.fragment.xml"
        },
        {
            "name": "view/tables/SearchedSupplierTable.fragment.xml"
        }
    ]
}