{
	"Sections":
	{
		"SearchFormSupplier":
		{
			"BusinessPartner":
			{
				"maxLength":	10,
				"required": 	true,
				"value":		"",
				"text": 		"",
				"state":		"None",
				"busy":			false,
				"display":      false, 
				"hideother":    true,
				"vendorno":     "",
				"helpi18n":		"HelpText-BusinessPartner"
			}, 
			"Name1":
			{
				"maxLength":	40,
				"required": 	true,
				"value":		"",
				"help":			true,
				"helpi18n":		"HelpText-Name1"
			},
			"Name1I":
			{
				"maxLength":	40,
				"required": 	true,
				"value":		"",
				"help":			true,
				"helpi18n":		"HelpText-Name1"
			},
			"Searchterm":
			{
				"maxLength":	20,
				"required": 	true,
				"value":		"",
				"help":			true,
				"helpi18n":		"HelpText-Searchterm"
			},"SearchTermI":
			{
				"maxLength":	20,
				"required": 	true,
				"value":		"",
				"help":			true,
				"helpi18n":		"HelpText-Searchterm"
			},
			"CompCode":
			{
				"maxLength":	4,
				"required": 	true,
				"value":		"",
				"help":			false,
				"helpi18n":		""
			},
			"PostCode1":
			{
				"maxLength":	10,
				"required": 	true,
				"value":		"",
				"valueState":	"None",
				"help":			false,
				"helpi18n":		"HelpText-PoCode"
			},
			"Country":
			{
				"required": 	true,
				"value":		"",
				"help":			false,
				"helpi18n":		"HelpText-Country"
			},
			"PostBox":
			{
				"required": 	false,
				"value":		"",
				"help":			true,
				"helpi18n":		"HelpText-PoBox",
				"maxLength":	10
			},
			"PostCode2":
			{
				"required": 	false,
				"value":		"",
				"help":			true,
				"helpi18n":		"HelpText-PoCodePoBox",
				"maxLength":	10
			},
			"TaxNo1":
			{
				"maxLength":	16,
				"required": 	false,
				"value":		"",
				"help":			true,
				"helpi18n":		"HelpText-TaxNumber1",
				"enabled":		true
			},
			"TaxNo2":
			{
				"maxLength":	11,
				"required": 	false,
				"value":		"",
				"help":			true,
				"helpi18n":		"HelpText-TaxNumber2",
				"enabled":		true
				},
			"TaxNo3":
			{
				"maxLength":	18,
				"required": 	false,
				"value":		"",
				"help":			true,
				"helpi18n":		"HelpText-TaxNumber3",
				"enabled":		true
			},
			"TaxNo4":
			{
				"maxLength":	18,
				"required": 	false,
				"value":		"",
				"help":			true,
				"helpi18n":		"HelpText-TaxNumber4",
				"enabled":		true
			},
			"VatRegNo":
			{
				"maxLength":	20,
				"required": 	false, 
				"enabled":		true,
				"value":		"",
				"valueState":	null,
				"valueStateTxt":null,
				"help":			true,
				"helpi18n":		"HelpText-VatNo"
			},
			"Street":
			{
				"maxLength":	60,
				"required": 	true,
				"value":		"",
				"help":			false,
				"helpi18n":		"HelpText-Street"
			},
			"StreetI":
			{
				"maxLength":	60,
				"required": 	true,
				"value":		"",
				"help":			true,
				"helpi18n":		"HelpText-Street"
			},
			"City1":
			{
				"maxLength":	40,
				"required": 	true,
				"value":		"",
				"help":			false,
				"helpi18n":		"HelpText-City"
			},
			"City2":
			{
				"maxLength":	40,
				"required": 	false,
				"value":		"",
				"help":			false,
				"helpi18n":		"HelpText-District"
			},
			"City1I":
			{
				"maxLength":	40,
				"required": 	true,
				"value":		"",
				"help":			true,
				"helpi18n":		"HelpText-City"
			},
			"City2I":
			{
				"maxLength":	40,
				"required": 	false,
				"value":		"",
				"help":			false,
				"helpi18n":		"HelpText-District"
			},
			"Region":
			{
				"maxLength":	100,
				"required": 	false,
				"value":		"",
				"help":			false,
				"helpi18n":		"HelpText-Region"
			},
			"Name2":
			{
				"maxLength":	40,
				"required": 	false,
				"value":		"",
				"help":			true,
				"helpi18n":		"HelpText-Name2"
			},
			
			"Name2I":
			{
				"maxLength":	40,
				"required": 	false,
				"value":		"",
				"help":			true,
				"helpi18n":		"HelpText-Name2"
			},
			"HouseNum":
			{
				"maxLength":	10,
				"required": 	false,
				"value":		"",
				"help":			false,
				"helpi18n":		"HelpText-HouseNo"
			},
			"HouseNumI":
			{
				"maxLength":	10,
				"required": 	false,
				"value":		"",
				"help":			true,
				"helpi18n":		"HelpText-HouseNo"
			},
			"PurchOrg":
			{
				"maxLength":	4,
				"required": 	true,
				"value":		"",
				"help":			true,
				"helpi18n":		"HelpText-PurchaseOrg"
			},
			"TelNo":
			{
				"maxLength":	100,
				"required": 	false,
				"value":		"",
				"help":			true,
				"helpi18n":		"HelpText-Phone"
			},
			"Email":
			{
				"maxLength":	50,
				"required": 	true,
				"value":		"",
				"help":			true,
				"helpi18n":		"HelpText-EmailOrder"
			},
			"Email_Fin":
			{
				"maxLength":	50,
				"required": 	false,
				"value":		"",
				"help":			true,
				"helpi18n":		"HelpText-EmailFinance"
			},
			"Langu":
			{
				"maxLength":	100,
				"required": 	true,
				"value":		"E",
				"help":			true,
				"helpi18n":		"HelpText-Language"
			},
			"PaymtMethod":
			{
				"maxLength":	10,
				"required": 	true,
				"value":		"",
				"help":			true,
				"helpi18n":		"HelpText-PaymentMethod"
			},
			"PaymtKey":
			{
				"maxLength":	10,
				"required": 	true,
				"value":		"",
				"help":			true,
				"helpi18n":		"HelpText-PaymentTerm"
			},
			"BankCnt":
			{
				"maxLength":	10,
				"enabled":		false,
				"required": 	true,
				"visible":		true,
				"value":		"",
				"help":			true,
				"helpi18n":		"HelpText-BankCountry"
			},
			"BankKey":
			{
				"maxLength":	15,
				"enabled":		false,
				"required": 	true,
				"visible":		true,
				"value":		"",
				"help":			true,
				"helpi18n":		"HelpText-BankKey"
			},
			"Iban":
			{
				"maxLength":	34,
				"enabled":		true,
				"required": 	true,
				"visible":		true,
				"value":		"",
				"help":			true,
				"helpi18n":		"HelpText-IBAN"
			},
			"BankAcc":
			{
				"maxLength":	35,
				"enabled":		false,
				"required": 	true,
				"visible":		true,
				"value":		"",
				"help":			true,
				"helpi18n":		"HelpText-BankAccount"
			},
			"BankContKey":
			{
				"maxLength":	2,
				"enabled":		false,
				"required": 	false,
				"visible":		true,
				"value":		"",
				"help":			true,
				"helpi18n":		"HelpText-BankContKey"
			},
			
			"AddNewBankInfo":
			{
				"enabled":		true,
				"visible":		false,
				"value":		false,
				"helpi18n":		"HelpText-AddNewBankInfo"
			},
			"VendType":
			{
				"maxLength":	1,
				"required": 	true,
				"value":		"I",
				"help":			true,
				"helpi18n":		"HelpText-IndDirect"
			},
			"Inco1":
			{
				"maxLength":	3,
				"required": 	true,
				"value":		"",
				"help":			true,
				"helpi18n":		"HelpText-IncoTerm"
			},
			"Inco2":
			{
				"maxLength":	28,
				"required": 	false,
				"value":		"",
				"help":			true,
				"helpi18n":		"HelpText-IncoTermText"
			},
			"Currency":
			{
				"maxLength":	5,
				"required": 	true,
				"value":		"",
				"help":			true,
				"helpi18n":		"HelpText-OrderCurr"
			},
			"TypeOfBusiness":
			{
				"maxLength":	2,
				"required": 	true,
				"value":		"",
				"help":			true,
				"helpi18n":		"HelpText-TypeOfBusiness",
				"visible":		false
			},
			"FileName1":
			{
				"required": 	false,
				"value":		"",
				"help":			true,
				"helpi18n":		"HelpText-Attachment",
				"name":         false
			},
			"FileType1":
			{
				"required": 	false,
				"value":		"",
				"help":			false
			},
			"FileContent1":
			{
				"required": 	false,
				"value":		"",
				"help":			false
			},
			"FileName2":
			{
				"required": 	false,
				"value":		"",
				"help":			true,
				"helpi18n":		"HelpText-Attachment"
			},
			"FileType2":
			{
				"required": 	false,
				"value":		"",
				"help":			false
			},
			"FileContent2":
			{
				"required": 	false,
				"value":		"",
				"help":			false
			},
			"FileName3":
			{
				"required": 	false,
				"value":		"",
				"help":			true,
				"helpi18n":		"HelpText-Attachment"
			},
			"FileType3":
			{
				"required": 	false,
				"value":		"",
				"help":			false
			},
			"FileContent3":
			{
				"required": 	false,
				"value":		"",
				"help":			false
			},
			"SupplierNeedExtension":
			{
				"value":		false,
				"click":        false
			},
			"PurchOrgCB":
			{
				"value":		false
			},
			"CompCodeCB":
			{
				"value":		false
			},
			"VendorNo":
			{
				"value":		""
			},
		   "SupplierAccountGroup":
			{
				"value":		""
			}
		},
		"SearchFormCustomer":
		{
			
			"CompCode":
			{
				"maxLength":	10,
				"required": 	true,
				"value":		"",
				"help":			true,
				"helpi18n":		""
			},
			"AccountGroup":
			{
				"maxLength":	4,
				"required": 	true,
				"value":		"",
				"help":			true,
				"helpi18n":		""
			},
			"PostCode1":
			{
				"maxLength":	10,
				"required": 	true,
				"value":		"",
				"help":			true,
				"helpi18n":		"HelpText-PoCode"
			},
			"Country":
			{
				"required": 	true,
				"value":		"",
				"help":			true,
				"helpi18n":		"HelpText-Country"
			},
			
			"TaxNo1":
			{
				"maxLength":	16,
				"required": 	false,
				"value":		"",
				"help":			true,
				"valueState":   "None",
				"helpi18n":		"HelpText-TaxNumber1"
			},
			"TaxNo2":
			{
				"maxLength":	11,
				"required": 	false,
				"value":		"",
				"help":			true,
				"valueState":   "None",
				"helpi18n":		"HelpText-TaxNumber2"
				},
			"TaxNo3":
			{
				"maxLength":	18,
				"required": 	false,
				"value":		"",
				"help":			true,
				"valueState":   "None",
				"helpi18n":		"HelpText-TaxNumber3"
			},
			"TaxNo4":
			{
				"maxLength":	18,
				"required": 	false,
				"value":		"",
				"help":			true,
				"valueState":   "None",
				"helpi18n":		"HelpText-TaxNumber4"
				},
			"VatRegNo":
			{
				"maxLength":	20,
				"required": 	false, 
				"enabled":		true,
				"value":		"",
				"help":			true,
				"helpi18n":		"HelpText-VatNo"
			},
			"Street":
			{
				"maxLength":	60,
				"required": 	true,
				"value":		"",
				"help":			true,
				"helpi18n":		"HelpText-Street"
			},
			"SalesOrg":
			{
				"maxLength":	4,
				"required": 	true,
				"value":		"",
				"help":			true,
				"helpi18n":		"HelpText-SalesOrg"
			},
			"DistChannel":
			{
				"maxLength":	25,
				"required": 	true,
				"value":		"",
				"help":			true,
				"helpi18n":		"Customer-HelpText-DistributionChannel"
			},
			"Division":
			{
				"maxLength":	25,
				"required": 	true,
				"value":		"01",
				"help":			true,
				"helpi18n":		"HelpText-Division",
				"enabled":		false
			},
			"SalesOffice":
			{
				"maxLength":	4,
				"required": 	false,
				"value":		"",
				"help":			true,
				"helpi18n":		"HelpText-SalesOffice",
				"enabled":		false
			},
			"SalesGroup":
			{
				"maxLength":	3,
				"required": 	false,
				"value":		"",
				"help":			true,
				"helpi18n":		"HelpText-SalesGroup",
				"enabled":		false
			},
			"Langu":
			{
				"maxLength":	100,
				"required": 	true,
				"value":		"E",
				"help":			true,
				"helpi18n":		"HelpText-Language"
			},
			"TimeZone":
			{
				"maxLength":	150,
				"required": 	true,
				"value":		"",
				"help":			true,
				"helpi18n":		"HelpText-TimeZone"
			},
			"TransportZone":
			{
				"maxLength":	150,
				"required": 	true,
				"value":		"",
				"help":			true,
				"helpi18n":		"HelpText-TransportationZone"
			},
		
			"FileName1":
			{
				"required": 	false,
				"value":		"",
				"help":			true,
				"helpi18n":		"HelpText-Attachment"
			},
			"FileType1":
			{
				"required": 	false,
				"value":		"",
				"help":			false
			},
			"FileContent1":
			{
				"required": 	false,
				"value":		"",
				"help":			false
			},
			"FileName2":
			{
				"required": 	false,
				"value":		"",
				"help":			true,
				"helpi18n":		"HelpText-Attachment"
			},
			"FileType2":
			{
				"required": 	false,
				"value":		"",
				"help":			false
			},
			"FileContent2":
			{
				"required": 	false,
				"value":		"",
				"help":			false
			},
			"FileName3":
			{
				"required": 	false,
				"value":		"",
				"help":			true,
				"helpi18n":		"HelpText-Attachment"
			},
			"FileType3":
			{
				"required": 	false,
				"value":		"",
				"help":			false
			},
			"FileContent3":
			{
				"required": 	false,
				"value":		"",
				"help":			false
			},
			"TelNo":
			{
				"maxLength":	25,
				"required": 	true,
				"value":		"",
				"help":			true,
				"helpi18n":		""
			},
			"FaxNo":
			{
				"maxLength":	50,
				"required": 	true,
				"value":		"",
				"help":			true,
				"helpi18n":		""
			},
			"Email":
			{
				"maxLength":	50,
				"required": 	true,
				"value":		"",
				"help":			true,
				"helpi18n":		""
			},	
			"City1":
			{
				"maxLength":	40,
				"required": 	true,
				"value":		"",
				"help":			true,
				"helpi18n":		"HelpText-City"
			},
			"City2":
			{
				"maxLength":	40,
				"required": 	false,
				"value":		"",
				"help":			true,
				"helpi18n":		"HelpText-District"
			},
			"HouseNum":
			{
				"maxLength":	10,
				"required": 	false,
				"value":		"",
				"help":			true,
				"helpi18n":		"HelpText-HouseNo"
			},
				"Name1":
			{
				"maxLength":	40,
				"required": 	true,
				"value":		"",
				"help":			true,
				"helpi18n":		"HelpText-Name1"
			},
			"Name2":
			{
				"maxLength":	40,
				"required": 	false,
				"value":		"",
				"help":			true,
				"helpi18n":		"HelpText-Name2"
			}
			
		},
		"ControlFields":
		{
			"IbanMode":
			{
				"mode":	"IBAN",
				"enabled": true
			},
			"Attachments": [],
			"AttachmentSignatureRequired": false,
			"AttachmentSignatureSigned":   false,
			"AttachmentSignatureText":	   ""
		}
		
	}
}