{
	"FooterButtons": {
		"PrevStep": {
			"enabled": false,
			"visible": false
		},
		"SubmitCustomer": {
			"enabled": false,
			"visible": false
		},
		"CancelCustomer": {
			"enabled": false,
			"visible": false
		},
		"CustomerPrevStep": {
			"enabled": false,
			"visible": false
		},
		"NextStep": {
			"enabled": false,
			"visible": false
		},
		"SupplierStep": {
			"enabled": false,
			"visible": true
		},
		"CustomerStep": {
			"enabled": false,
			"visible": true
		},
		"SupplierFound": {
			"enabled": true,
			"visible": false
		},
		"SupplierNotFound": {
			"enabled": true,
			"visible": false
		},
		"SupplierFoundOutside": {
			"enabled": true,
			"visible": false
		},
		"Submit": {
			"enabled": false,
			"visible": false
		}
	},
	"CustomerSearch":
	{
		"enabled": false,
		"visible": true
	},
	"SupplierSearch": {
		"enabled": false,
		"visible": true
	},
	"ContactInfo": {
		"emailDefault": true
	},
	"Wizard": {
		"visible": true
	},
	"UploadBut": {
		"visible": true,
		"required": false,
		"value": ""
	},
	"No_VAT_No": {
		"maxLength": 1,
		"required": false,
		"value": "",
		"help": true,
		"helpi18n": "HelpText-No_VAT_No"
	},
	"InternationalAddressFields": {
		"visible": false
	}
}