<edmx:Edmx xmlns:edmx="http://schemas.microsoft.com/ado/2007/06/edmx"
	xmlns:m="http://schemas.microsoft.com/ado/2007/08/dataservices/metadata" xmlns:sap="http://www.sap.com/Protocols/SAPData" Version="1.0">
	<edmx:DataServices m:DataServiceVersion="2.0">
		<Schema xml:lang="en" xmlns="http://schemas.microsoft.com/ado/2008/09/edm" sap:schema-version="1" Namespace="Z_VENDOR_WF_SRV">
			<EntityType sap:contentversion="1" Name="Customer">
				<Key>
					<PropertyRef Name="CustomerNo"/>
					<PropertyRef Name="CompCode"/>
				</Key>
				<Property Name="CustomerNo" sap:filterable="false" sap:sortable="false" sap:updatable="false" sap:creatable="false" sap:unicode="false"
					MaxLength="10" Nullable="false" Type="Edm.String"/>
				<Property Name="CompCode" sap:filterable="false" sap:sortable="false" sap:updatable="false" sap:creatable="false" sap:unicode="false"
					MaxLength="4" Nullable="false" Type="Edm.String"/>
				<Property Name="SalesOrg" sap:filterable="false" sap:sortable="false" sap:updatable="false" sap:creatable="false" sap:unicode="false"
					MaxLength="4" Nullable="false" Type="Edm.String" sap:label="Sales organization"/>
				<Property Name="DistChannel" sap:filterable="false" sap:sortable="false" sap:updatable="false" sap:creatable="false" sap:unicode="false"
					MaxLength="2" Nullable="false" Type="Edm.String" sap:label="Distribution Channel"/>
				<Property Name="Division" sap:filterable="false" sap:sortable="false" sap:updatable="false" sap:creatable="false" sap:unicode="false"
					MaxLength="2" Nullable="false" Type="Edm.String" sap:label="Division"/>
				<Property Name="AccountGroup" sap:filterable="false" sap:sortable="false" sap:updatable="false" sap:creatable="false" sap:unicode="false"
					MaxLength="4" Nullable="false" Type="Edm.String"/>
				<Property Name="Name1" sap:filterable="false" sap:sortable="false" sap:updatable="false" sap:creatable="false" sap:unicode="false"
					MaxLength="40" Nullable="false" Type="Edm.String"/>
				<Property Name="Name2" sap:filterable="false" sap:sortable="false" sap:updatable="false" sap:creatable="false" sap:unicode="false"
					MaxLength="40" Nullable="false" Type="Edm.String"/>
				<Property Name="Street" sap:filterable="false" sap:sortable="false" sap:updatable="false" sap:creatable="false" sap:unicode="false"
					MaxLength="60" Nullable="false" Type="Edm.String"/>
				<Property Name="HouseNum" sap:filterable="false" sap:sortable="false" sap:updatable="false" sap:creatable="false" sap:unicode="false"
					MaxLength="10" Nullable="false" Type="Edm.String"/>
				<Property Name="PostCode1" sap:filterable="false" sap:sortable="false" sap:updatable="false" sap:creatable="false" sap:unicode="false"
					MaxLength="10" Nullable="false" Type="Edm.String"/>
				<Property Name="City1" sap:filterable="false" sap:sortable="false" sap:updatable="false" sap:creatable="false" sap:unicode="false"
					MaxLength="40" Nullable="false" Type="Edm.String"/>
				<Property Name="City2" sap:filterable="false" sap:sortable="false" sap:updatable="false" sap:creatable="false" sap:unicode="false"
					MaxLength="40" Nullable="false" Type="Edm.String"/>
				<Property Name="PostBox" sap:filterable="false" sap:sortable="false" sap:updatable="false" sap:creatable="false" sap:unicode="false"
					MaxLength="10" Nullable="false" Type="Edm.String"/>
				<Property Name="PostCode2" sap:filterable="false" sap:sortable="false" sap:updatable="false" sap:creatable="false" sap:unicode="false"
					MaxLength="10" Nullable="false" Type="Edm.String"/>
				<Property Name="Region" sap:filterable="false" sap:sortable="false" sap:updatable="false" sap:creatable="false" sap:unicode="false"
					MaxLength="3" Nullable="false" Type="Edm.String"/>
				<Property Name="TaxNo1" sap:filterable="false" sap:sortable="false" sap:updatable="false" sap:creatable="false" sap:unicode="false"
					MaxLength="16" Nullable="false" Type="Edm.String"/>
				<Property Name="TaxNo2" sap:filterable="false" sap:sortable="false" sap:updatable="false" sap:creatable="false" sap:unicode="false"
					MaxLength="11" Nullable="false" Type="Edm.String"/>
				<Property Name="TaxNo3" sap:filterable="false" sap:sortable="false" sap:updatable="false" sap:creatable="false" sap:unicode="false"
					MaxLength="18" Nullable="false" Type="Edm.String"/>
				<Property Name="TaxNo4" sap:filterable="false" sap:sortable="false" sap:updatable="false" sap:creatable="false" sap:unicode="false"
					MaxLength="18" Nullable="false" Type="Edm.String"/>
				<Property Name="Country" sap:filterable="false" sap:sortable="false" sap:updatable="false" sap:creatable="false" sap:unicode="false"
					MaxLength="3" Nullable="false" Type="Edm.String"/>
				<Property Name="Status" sap:filterable="false" sap:sortable="false" sap:updatable="false" sap:creatable="false" sap:unicode="false"
					MaxLength="10" Nullable="false" Type="Edm.String"/>
				<Property Name="TelNo" sap:filterable="false" sap:sortable="false" sap:updatable="false" sap:creatable="false" sap:unicode="false"
					MaxLength="30" Nullable="false" Type="Edm.String"/>
				<Property Name="FaxNo" sap:filterable="false" sap:sortable="false" sap:updatable="false" sap:creatable="false" sap:unicode="false"
					MaxLength="30" Nullable="false" Type="Edm.String"/>
				<Property Name="Searchterm" sap:filterable="false" sap:sortable="false" sap:updatable="false" sap:creatable="false" sap:unicode="false"
					MaxLength="20" Nullable="false" Type="Edm.String"/>
				<Property Name="Langu" sap:filterable="false" sap:sortable="false" sap:updatable="false" sap:creatable="false" sap:unicode="false"
					MaxLength="1" Nullable="false" Type="Edm.String"/>
				<Property Name="ComMethod" sap:filterable="false" sap:sortable="false" sap:updatable="false" sap:creatable="false" sap:unicode="false"
					MaxLength="3" Nullable="false" Type="Edm.String"/>
				<Property Name="Email" sap:filterable="false" sap:sortable="false" sap:updatable="false" sap:creatable="false" sap:unicode="false"
					MaxLength="50" Nullable="false" Type="Edm.String"/>
				<Property Name="VatRegNo" sap:filterable="false" sap:sortable="false" sap:updatable="false" sap:creatable="false" sap:unicode="false"
					MaxLength="20" Nullable="false" Type="Edm.String"/>
				<Property Name="FileName1" sap:filterable="false" sap:sortable="false" sap:updatable="false" sap:creatable="false" sap:unicode="false"
					MaxLength="50" Nullable="false" Type="Edm.String"/>
				<Property Name="FileType1" sap:filterable="false" sap:sortable="false" sap:updatable="false" sap:creatable="false" sap:unicode="false"
					MaxLength="20" Nullable="false" Type="Edm.String"/>
				<Property Name="FileContent1" sap:filterable="false" sap:sortable="false" sap:updatable="false" sap:creatable="false" sap:unicode="false"
					Nullable="false" Type="Edm.Binary"/>
				<Property Name="FileName2" sap:filterable="false" sap:sortable="false" sap:updatable="false" sap:creatable="false" sap:unicode="false"
					MaxLength="50" Nullable="false" Type="Edm.String"/>
				<Property Name="FileType2" sap:filterable="false" sap:sortable="false" sap:updatable="false" sap:creatable="false" sap:unicode="false"
					MaxLength="20" Nullable="false" Type="Edm.String"/>
				<Property Name="FileContent2" sap:filterable="false" sap:sortable="false" sap:updatable="false" sap:creatable="false" sap:unicode="false"
					Nullable="false" Type="Edm.Binary"/>
				<Property Name="FileName3" sap:filterable="false" sap:sortable="false" sap:updatable="false" sap:creatable="false" sap:unicode="false"
					MaxLength="50" Nullable="false" Type="Edm.String"/>
				<Property Name="FileType3" sap:filterable="false" sap:sortable="false" sap:updatable="false" sap:creatable="false" sap:unicode="false"
					MaxLength="20" Nullable="false" Type="Edm.String"/>
				<Property Name="FileContent3" sap:filterable="false" sap:sortable="false" sap:updatable="false" sap:creatable="false" sap:unicode="false"
					Nullable="false" Type="Edm.Binary"/>
				<Property Name="Name1I" sap:filterable="false" sap:sortable="false" sap:updatable="false" sap:creatable="false" sap:unicode="false"
					MaxLength="40" Nullable="false" Type="Edm.String"/>
				<Property Name="Name2I" sap:filterable="false" sap:sortable="false" sap:updatable="false" sap:creatable="false" sap:unicode="false"
					MaxLength="40" Nullable="false" Type="Edm.String"/>
				<Property Name="StreetI" sap:filterable="false" sap:sortable="false" sap:updatable="false" sap:creatable="false" sap:unicode="false"
					MaxLength="60" Nullable="false" Type="Edm.String"/>
				<Property Name="HouseNumI" sap:filterable="false" sap:sortable="false" sap:updatable="false" sap:creatable="false" sap:unicode="false"
					MaxLength="10" Nullable="false" Type="Edm.String"/>
				<Property Name="City1I" sap:filterable="false" sap:sortable="false" sap:updatable="false" sap:creatable="false" sap:unicode="false"
					MaxLength="40" Nullable="false" Type="Edm.String"/>
				<Property Name="City2I" sap:filterable="false" sap:sortable="false" sap:updatable="false" sap:creatable="false" sap:unicode="false"
					MaxLength="40" Nullable="false" Type="Edm.String"/>
				<Property Name="SearchTermI" sap:filterable="false" sap:sortable="false" sap:updatable="false" sap:creatable="false" sap:unicode="false"
					MaxLength="20" Nullable="false" Type="Edm.String"/>
			</EntityType>
			<EntityType sap:contentversion="1" Name="SalesOrg">
				<Key>
					<PropertyRef Name="vkorg"/>
				</Key>
				<Property Name="vkorg" sap:filterable="false" sap:sortable="false" sap:updatable="false" sap:creatable="false" sap:unicode="false"
					MaxLength="4" Nullable="false" Type="Edm.String" sap:label="Sales Organisation"/>
				<Property Name="Default" sap:filterable="false" sap:sortable="false" sap:updatable="false" sap:creatable="false" sap:unicode="false"
					Nullable="false" Type="Edm.Boolean" sap:label="Default value"/>
			</EntityType>
			<EntityType sap:contentversion="1" Name="Vendor">
				<Key>
					<PropertyRef Name="VendorNo"/>
					<PropertyRef Name="CompCode"/>
				</Key>
				<Property Name="VendorNo" sap:filterable="false" sap:sortable="false" sap:updatable="false" sap:creatable="false" sap:unicode="false"
					MaxLength="10" Nullable="false" Type="Edm.String"/>
				<Property Name="CompCode" sap:filterable="false" sap:sortable="false" sap:updatable="false" sap:creatable="false" sap:unicode="false"
					MaxLength="4" Nullable="false" Type="Edm.String"/>
				<Property Name="PurchOrg" sap:filterable="false" sap:sortable="false" sap:updatable="false" sap:creatable="false" sap:unicode="false"
					MaxLength="4" Nullable="false" Type="Edm.String"/>
				<Property Name="Name1" sap:filterable="false" sap:sortable="false" sap:updatable="false" sap:creatable="false" sap:unicode="false"
					MaxLength="40" Nullable="false" Type="Edm.String"/>
				<Property Name="Name2" sap:filterable="false" sap:sortable="false" sap:updatable="false" sap:creatable="false" sap:unicode="false"
					MaxLength="40" Nullable="false" Type="Edm.String"/>
				<Property Name="Street" sap:filterable="false" sap:sortable="false" sap:updatable="false" sap:creatable="false" sap:unicode="false"
					MaxLength="60" Nullable="false" Type="Edm.String"/>
				<Property Name="HouseNum" sap:filterable="false" sap:sortable="false" sap:updatable="false" sap:creatable="false" sap:unicode="false"
					MaxLength="10" Nullable="false" Type="Edm.String"/>
				<Property Name="PostCode1" sap:filterable="false" sap:sortable="false" sap:updatable="false" sap:creatable="false" sap:unicode="false"
					MaxLength="10" Nullable="false" Type="Edm.String"/>
				<Property Name="City1" sap:filterable="false" sap:sortable="false" sap:updatable="false" sap:creatable="false" sap:unicode="false"
					MaxLength="40" Nullable="false" Type="Edm.String"/>
				<Property Name="City2" sap:filterable="false" sap:sortable="false" sap:updatable="false" sap:creatable="false" sap:unicode="false"
					MaxLength="40" Nullable="false" Type="Edm.String"/>
				<Property Name="PostBox" sap:filterable="false" sap:sortable="false" sap:updatable="false" sap:creatable="false" sap:unicode="false"
					MaxLength="10" Nullable="false" Type="Edm.String"/>
				<Property Name="PostCode2" sap:filterable="false" sap:sortable="false" sap:updatable="false" sap:creatable="false" sap:unicode="false"
					MaxLength="10" Nullable="false" Type="Edm.String"/>
				<Property Name="Region" sap:filterable="false" sap:sortable="false" sap:updatable="false" sap:creatable="false" sap:unicode="false"
					MaxLength="3" Nullable="false" Type="Edm.String"/>
				<Property Name="TaxNo1" sap:filterable="false" sap:sortable="false" sap:updatable="false" sap:creatable="false" sap:unicode="false"
					MaxLength="16" Nullable="false" Type="Edm.String"/>
				<Property Name="TaxNo2" sap:filterable="false" sap:sortable="false" sap:updatable="false" sap:creatable="false" sap:unicode="false"
					MaxLength="11" Nullable="false" Type="Edm.String"/>
				<Property Name="TaxNo3" sap:filterable="false" sap:sortable="false" sap:updatable="false" sap:creatable="false" sap:unicode="false"
					MaxLength="18" Nullable="false" Type="Edm.String"/>
				<Property Name="TaxNo4" sap:filterable="false" sap:sortable="false" sap:updatable="false" sap:creatable="false" sap:unicode="false"
					MaxLength="18" Nullable="false" Type="Edm.String"/>
				<Property Name="Country" sap:filterable="false" sap:sortable="false" sap:updatable="false" sap:creatable="false" sap:unicode="false"
					MaxLength="3" Nullable="false" Type="Edm.String"/>
				<Property Name="Status" sap:filterable="false" sap:sortable="false" sap:updatable="false" sap:creatable="false" sap:unicode="false"
					MaxLength="10" Nullable="false" Type="Edm.String"/>
				<Property Name="TelNo" sap:filterable="false" sap:sortable="false" sap:updatable="false" sap:creatable="false" sap:unicode="false"
					MaxLength="30" Nullable="false" Type="Edm.String"/>
				<Property Name="Searchterm" sap:filterable="false" sap:sortable="false" sap:updatable="false" sap:creatable="false" sap:unicode="false"
					MaxLength="20" Nullable="false" Type="Edm.String"/>
				<Property Name="Langu" sap:filterable="false" sap:sortable="false" sap:updatable="false" sap:creatable="false" sap:unicode="false"
					MaxLength="1" Nullable="false" Type="Edm.String"/>
				<Property Name="ComMethod" sap:filterable="false" sap:sortable="false" sap:updatable="false" sap:creatable="false" sap:unicode="false"
					MaxLength="3" Nullable="false" Type="Edm.String"/>
				<Property Name="Email" sap:filterable="false" sap:sortable="false" sap:updatable="false" sap:creatable="false" sap:unicode="false"
					MaxLength="50" Nullable="false" Type="Edm.String"/>
				<Property Name="VatRegNo" sap:filterable="false" sap:sortable="false" sap:updatable="false" sap:creatable="false" sap:unicode="false"
					MaxLength="20" Nullable="false" Type="Edm.String"/>
				<Property Name="CreditNo" sap:filterable="false" sap:sortable="false" sap:updatable="false" sap:creatable="false" sap:unicode="false"
					MaxLength="11" Nullable="false" Type="Edm.String"/>
				<Property Name="Currency" sap:filterable="false" sap:sortable="false" sap:updatable="false" sap:creatable="false" sap:unicode="false"
					MaxLength="5" Nullable="false" Type="Edm.String"/>
				<Property Name="VendType" sap:filterable="false" sap:sortable="false" sap:updatable="false" sap:creatable="false" sap:unicode="false"
					MaxLength="1" Nullable="false" Type="Edm.String"/>
				<Property Name="PaymtKey" sap:filterable="false" sap:sortable="false" sap:updatable="false" sap:creatable="false" sap:unicode="false"
					MaxLength="4" Nullable="false" Type="Edm.String"/>
				<Property Name="Inco1" sap:filterable="false" sap:sortable="false" sap:updatable="false" sap:creatable="false" sap:unicode="false"
					MaxLength="3" Nullable="false" Type="Edm.String"/>
				<Property Name="Inco2" sap:filterable="false" sap:sortable="false" sap:updatable="false" sap:creatable="false" sap:unicode="false"
					MaxLength="28" Nullable="false" Type="Edm.String"/>
				<Property Name="Iban" sap:filterable="false" sap:sortable="false" sap:updatable="false" sap:creatable="false" sap:unicode="false"
					MaxLength="34" Nullable="false" Type="Edm.String"/>
				<Property Name="BankCnt" sap:filterable="false" sap:sortable="false" sap:updatable="false" sap:creatable="false" sap:unicode="false"
					MaxLength="3" Nullable="false" Type="Edm.String"/>
				<Property Name="BankKey" sap:filterable="false" sap:sortable="false" sap:updatable="false" sap:creatable="false" sap:unicode="false"
					MaxLength="15" Nullable="false" Type="Edm.String"/>
				<Property Name="BankAcc" sap:filterable="false" sap:sortable="false" sap:updatable="false" sap:creatable="false" sap:unicode="false"
					MaxLength="35" Nullable="false" Type="Edm.String"/>
				<Property Name="BankContKey" sap:filterable="false" sap:sortable="false" sap:updatable="false" sap:creatable="false" sap:unicode="false"
					MaxLength="2" Nullable="false" Type="Edm.String"/>
				<Property Name="Email_Fin" sap:filterable="false" sap:sortable="false" sap:updatable="false" sap:creatable="false" sap:unicode="false"
					MaxLength="50" Nullable="false" Type="Edm.String"/>
				<Property Name="PaymtMethod" sap:filterable="false" sap:sortable="false" sap:updatable="false" sap:creatable="false" sap:unicode="false"
					MaxLength="1" Nullable="false" Type="Edm.String"/>
				<Property Name="Category" sap:filterable="false" sap:sortable="false" sap:updatable="false" sap:creatable="false" sap:unicode="false"
					MaxLength="30" Nullable="false" Type="Edm.String"/>
				<Property Name="FileName1" sap:filterable="false" sap:sortable="false" sap:updatable="false" sap:creatable="false" sap:unicode="false"
					MaxLength="50" Nullable="false" Type="Edm.String"/>
				<Property Name="FileType1" sap:filterable="false" sap:sortable="false" sap:updatable="false" sap:creatable="false" sap:unicode="false"
					MaxLength="20" Nullable="false" Type="Edm.String"/>
				<Property Name="FileContent1" sap:filterable="false" sap:sortable="false" sap:updatable="false" sap:creatable="false" sap:unicode="false"
					Nullable="false" Type="Edm.Binary"/>
				<Property Name="FileName2" sap:filterable="false" sap:sortable="false" sap:updatable="false" sap:creatable="false" sap:unicode="false"
					MaxLength="50" Nullable="false" Type="Edm.String"/>
				<Property Name="FileType2" sap:filterable="false" sap:sortable="false" sap:updatable="false" sap:creatable="false" sap:unicode="false"
					MaxLength="20" Nullable="false" Type="Edm.String"/>
				<Property Name="FileContent2" sap:filterable="false" sap:sortable="false" sap:updatable="false" sap:creatable="false" sap:unicode="false"
					Nullable="false" Type="Edm.Binary"/>
				<Property Name="FileName3" sap:filterable="false" sap:sortable="false" sap:updatable="false" sap:creatable="false" sap:unicode="false"
					MaxLength="50" Nullable="false" Type="Edm.String"/>
				<Property Name="FileType3" sap:filterable="false" sap:sortable="false" sap:updatable="false" sap:creatable="false" sap:unicode="false"
					MaxLength="20" Nullable="false" Type="Edm.String"/>
				<Property Name="FileContent3" sap:filterable="false" sap:sortable="false" sap:updatable="false" sap:creatable="false" sap:unicode="false"
					Nullable="false" Type="Edm.Binary"/>
				<Property Name="TypeOfBusiness" sap:filterable="false" sap:sortable="false" sap:updatable="false" sap:creatable="false" sap:unicode="false"
					MaxLength="2" Nullable="false" Type="Edm.String"/>
				<Property Name="Name1I" sap:filterable="false" sap:sortable="false" sap:updatable="false" sap:creatable="false" sap:unicode="false"
					MaxLength="40" Nullable="false" Type="Edm.String"/>
				<Property Name="Name2I" sap:filterable="false" sap:sortable="false" sap:updatable="false" sap:creatable="false" sap:unicode="false"
					MaxLength="40" Nullable="false" Type="Edm.String"/>
				<Property Name="StreetI" sap:filterable="false" sap:sortable="false" sap:updatable="false" sap:creatable="false" sap:unicode="false"
					MaxLength="60" Nullable="false" Type="Edm.String"/>
				<Property Name="HouseNumI" sap:filterable="false" sap:sortable="false" sap:updatable="false" sap:creatable="false" sap:unicode="false"
					MaxLength="10" Nullable="false" Type="Edm.String"/>
				<Property Name="City1I" sap:filterable="false" sap:sortable="false" sap:updatable="false" sap:creatable="false" sap:unicode="false"
					MaxLength="40" Nullable="false" Type="Edm.String"/>
				<Property Name="City2I" sap:filterable="false" sap:sortable="false" sap:updatable="false" sap:creatable="false" sap:unicode="false"
					MaxLength="40" Nullable="false" Type="Edm.String"/>
				<Property Name="SearchTermI" sap:filterable="false" sap:sortable="false" sap:updatable="false" sap:creatable="false" sap:unicode="false"
					MaxLength="20" Nullable="false" Type="Edm.String"/>
			</EntityType>
			<EntityType sap:contentversion="1" Name="Country">
				<Key>
					<PropertyRef Name="CountryKey"/>
				</Key>
				<Property Name="CountryKey" sap:filterable="false" sap:sortable="false" sap:updatable="false" sap:creatable="false" sap:unicode="false"
					MaxLength="3" Nullable="false" Type="Edm.String" sap:label="Country Key"/>
				<Property Name="CountryName" sap:filterable="false" sap:sortable="false" sap:updatable="false" sap:creatable="false" sap:unicode="false"
					MaxLength="15" Nullable="false" Type="Edm.String" sap:label="Country Name"/>
				<Property Name="Iban" sap:filterable="false" sap:sortable="false" sap:updatable="false" sap:creatable="false" sap:unicode="false"
					Nullable="false" Type="Edm.Boolean" sap:label="True = Iban required for country"/>
				<Property Name="Tax" sap:filterable="false" sap:sortable="false" sap:updatable="false" sap:creatable="false" sap:unicode="false"
					Nullable="false" Type="Edm.Boolean" sap:label="True = withholding tax"/>
				<Property Name="VatRegNo" sap:filterable="false" sap:sortable="false" sap:updatable="false" sap:creatable="false" sap:unicode="false"
					Nullable="false" Type="Edm.Boolean" sap:label="True = Vat reg. no. required"/>
				<Property Name="RegionReq" sap:filterable="false" sap:sortable="false" sap:updatable="false" sap:creatable="false" sap:unicode="false"
					Nullable="false" Type="Edm.Boolean" sap:label="True = Region is required"/>
				<Property Name="TypeOfBusiness" sap:filterable="false" sap:sortable="false" sap:updatable="false" sap:creatable="false" sap:unicode="false"
					Nullable="false" Type="Edm.Boolean" sap:label="True = Type of business active"/>
				<Property Name="AttachText" sap:filterable="false" sap:sortable="false" sap:updatable="false" sap:creatable="false" sap:unicode="false"
					MaxLength="60" Nullable="false" Type="Edm.String" sap:label="Attchment text"/>
			</EntityType>
			<EntityType sap:contentversion="1" Name="CompCode">
				<Key>
					<PropertyRef Name="CompCodeKey"/>
				</Key>
				<Property Name="CompCodeKey" sap:filterable="false" sap:sortable="false" sap:updatable="false" sap:creatable="false" sap:unicode="false"
					MaxLength="4" Nullable="false" Type="Edm.String"/>
				<Property Name="Default" sap:filterable="false" sap:sortable="false" sap:updatable="false" sap:creatable="false" sap:unicode="false"
					Nullable="false" Type="Edm.Boolean" sap:label="Indicator"/>
				<Property Name="PaymtKey" sap:filterable="false" sap:sortable="false" sap:updatable="false" sap:creatable="false" sap:unicode="false"
					MaxLength="4" Nullable="false" Type="Edm.String"/>
				<Property Name="PaymtMethod" sap:filterable="false" sap:sortable="false" sap:updatable="false" sap:creatable="false" sap:unicode="false"
					MaxLength="1" Nullable="false" Type="Edm.String"/>
				<Property Name="Inco1" sap:filterable="false" sap:sortable="false" sap:updatable="false" sap:creatable="false" sap:unicode="false"
					MaxLength="3" Nullable="false" Type="Edm.String"/>
				<Property Name="ShowAttach" sap:filterable="false" sap:sortable="false" sap:updatable="false" sap:creatable="false" sap:unicode="false"
					Nullable="false" Type="Edm.Boolean" sap:label="Indicator"/>
			</EntityType>
			<EntityType sap:contentversion="1" Name="Region">
				<Key>
					<PropertyRef Name="Country"/>
					<PropertyRef Name="RegionKey"/>
				</Key>
				<Property Name="Country" sap:filterable="false" sap:sortable="false" sap:updatable="false" sap:creatable="false" sap:unicode="false"
					MaxLength="3" Nullable="false" Type="Edm.String" sap:label="Country key"/>
				<Property Name="RegionKey" sap:filterable="false" sap:sortable="false" sap:updatable="false" sap:creatable="false" sap:unicode="false"
					MaxLength="3" Nullable="false" Type="Edm.String" sap:label="Region key"/>
				<Property Name="RegionTxt" sap:filterable="false" sap:sortable="false" sap:updatable="false" sap:creatable="false" sap:unicode="false"
					MaxLength="20" Nullable="false" Type="Edm.String" sap:label="Region text"/>
			</EntityType>
			<EntityType sap:contentversion="1" Name="Language">
				<Key>
					<PropertyRef Name="LanugageKey"/>
				</Key>
				<Property Name="LanugageKey" sap:filterable="false" sap:sortable="false" sap:updatable="false" sap:creatable="false" sap:unicode="false"
					MaxLength="1" Nullable="false" Type="Edm.String" sap:label="Language Key"/>
				<Property Name="LanguageText" sap:filterable="false" sap:sortable="false" sap:updatable="false" sap:creatable="false" sap:unicode="false"
					MaxLength="16" Nullable="false" Type="Edm.String" sap:label="Language Text"/>
			</EntityType>
			<EntityType sap:contentversion="1" Name="Currency">
				<Key>
					<PropertyRef Name="CurrencyKey"/>
				</Key>
				<Property Name="CurrencyKey" sap:filterable="false" sap:sortable="false" sap:updatable="false" sap:creatable="false" sap:unicode="false"
					MaxLength="5" Nullable="false" Type="Edm.String" sap:label="Currency key"/>
				<Property Name="CurrencyText" sap:filterable="false" sap:sortable="false" sap:updatable="false" sap:creatable="false" sap:unicode="false"
					MaxLength="40" Nullable="false" Type="Edm.String" sap:label="Currency long text"/>
			</EntityType>
			<EntityType sap:contentversion="1" Name="Category">
				<Key>
					<PropertyRef Name="VendType"/>
					<PropertyRef Name="CategoryTxt"/>
				</Key>
				<Property Name="VendType" sap:filterable="false" sap:sortable="false" sap:updatable="false" sap:creatable="false" sap:unicode="false"
					MaxLength="1" Nullable="false" Type="Edm.String" sap:label="Vendor type Direct / Indirect"/>
				<Property Name="CategoryTxt" sap:filterable="false" sap:sortable="false" sap:updatable="false" sap:creatable="false" sap:unicode="false"
					MaxLength="30" Nullable="false" Type="Edm.String" sap:label="Category text"/>
			</EntityType>
			<EntityType sap:contentversion="1" Name="PurchOrg">
				<Key>
					<PropertyRef Name="ekorg"/>
				</Key>
				<Property Name="ekorg" sap:filterable="false" sap:sortable="false" sap:updatable="false" sap:creatable="false" sap:unicode="false"
					MaxLength="4" Nullable="false" Type="Edm.String" sap:label="Purchasing org"/>
				<Property Name="Default" sap:filterable="false" sap:sortable="false" sap:updatable="false" sap:creatable="false" sap:unicode="false"
					Nullable="false" Type="Edm.Boolean" sap:label="Default purch. org."/>
			</EntityType>
			<EntityType sap:contentversion="1" Name="IncoTerm">
				<Key>
					<PropertyRef Name="Inco1Key"/>
				</Key>
				<Property Name="Inco1Key" sap:filterable="false" sap:sortable="false" sap:updatable="false" sap:creatable="false" sap:unicode="false"
					MaxLength="4" Nullable="false" Type="Edm.String"/>
				<Property Name="Inco1txt" sap:filterable="false" sap:sortable="false" sap:updatable="false" sap:creatable="false" sap:unicode="false"
					MaxLength="30" Nullable="false" Type="Edm.String"/>
				<Property Name="Inco2Default" sap:filterable="false" sap:sortable="false" sap:updatable="false" sap:creatable="false" sap:unicode="false"
					MaxLength="28" Nullable="false" Type="Edm.String"/>
			</EntityType>
			<EntityType sap:contentversion="1" Name="PaymtMethod">
				<Key>
					<PropertyRef Name="PayMethodKey"/>
				</Key>
				<Property Name="PayMethodKey" sap:filterable="false" sap:sortable="false" sap:updatable="false" sap:creatable="false" sap:unicode="false"
					MaxLength="1" Nullable="false" Type="Edm.String" sap:label="Payment method key"/>
				<Property Name="PayMethodTxt" sap:filterable="false" sap:sortable="false" sap:updatable="false" sap:creatable="false" sap:unicode="false"
					MaxLength="30" Nullable="false" Type="Edm.String" sap:label="Payment method text"/>
				<Property Name="BankReq" sap:filterable="false" sap:sortable="false" sap:updatable="false" sap:creatable="false" sap:unicode="false"
					Nullable="false" Type="Edm.Boolean" sap:label="True = Bank info required"/>
			</EntityType>
			<EntityType sap:contentversion="1" Name="PaymtTerm">
				<Key>
					<PropertyRef Name="PaymtTermKey"/>
				</Key>
				<Property Name="PaymtTermKey" sap:filterable="false" sap:sortable="false" sap:updatable="false" sap:creatable="false" sap:unicode="false"
					MaxLength="4" Nullable="false" Type="Edm.String" sap:label="Payment term key"/>
				<Property Name="PaymtTermTxt" sap:filterable="false" sap:sortable="false" sap:updatable="false" sap:creatable="false" sap:unicode="false"
					MaxLength="50" Nullable="false" Type="Edm.String"/>
			</EntityType>
			<EntityType sap:contentversion="1" Name="TypeBusiness">
				<Key>
					<PropertyRef Name="TBKey"/>
					<PropertyRef Name="TBText"/>
				</Key>
				<Property Name="TBKey" sap:filterable="false" sap:sortable="false" sap:updatable="false" sap:creatable="false" sap:unicode="false"
					MaxLength="2" Nullable="false" Type="Edm.String"/>
				<Property Name="TBText" sap:filterable="false" sap:sortable="false" sap:updatable="false" sap:creatable="false" sap:unicode="false"
					MaxLength="40" Nullable="false" Type="Edm.String"/>
			</EntityType>
			<ComplexType Name="Bank_info">
				<Property Name="BankName" sap:filterable="false" sap:sortable="false" sap:updatable="false" sap:creatable="false" MaxLength="60"
					Nullable="false" Type="Edm.String" sap:label="Bank Name"/>
				<Property Name="Swift" sap:filterable="false" sap:sortable="false" sap:updatable="false" sap:creatable="false" MaxLength="11"
					Nullable="false" Type="Edm.String" sap:label="SWIFT/BIC for International Payments"/>
			</ComplexType>
			<ComplexType Name="Bank_keys">
				<Property Name="BankCnt" sap:filterable="false" sap:sortable="false" sap:updatable="false" sap:creatable="false" MaxLength="3"
					Nullable="false" Type="Edm.String"/>
				<Property Name="BankKey" sap:filterable="false" sap:sortable="false" sap:updatable="false" sap:creatable="false" MaxLength="15"
					Nullable="false" Type="Edm.String"/>
				<Property Name="BankAcc" sap:filterable="false" sap:sortable="false" sap:updatable="false" sap:creatable="false" MaxLength="35"
					Nullable="false" Type="Edm.String"/>
				<Property Name="Bank_c_key" sap:filterable="false" sap:sortable="false" sap:updatable="false" sap:creatable="false" MaxLength="2"
					Nullable="false" Type="Edm.String"/>
			</ComplexType>
			<ComplexType Name="Boolean">
				<Property Name="Result" sap:filterable="false" sap:sortable="false" sap:updatable="false" sap:creatable="false" Nullable="false"
					Type="Edm.Boolean" sap:label="Indicator"/>
			</ComplexType>
			<ComplexType Name="TimeZone">
				<Property Name="TimeZoneKey" sap:filterable="false" sap:sortable="false" sap:updatable="false" sap:creatable="false" MaxLength="6"
					Nullable="false" Type="Edm.String" sap:label="Time Zone"/>
				<Property Name="TimeZoneTxt" sap:filterable="false" sap:sortable="false" sap:updatable="false" sap:creatable="false" MaxLength="30"
					Nullable="false" Type="Edm.String" sap:label="Time Zone description"/>
			</ComplexType>
			<ComplexType Name="TransportZone">
				<Property Name="TransportZoneKey" sap:filterable="false" sap:sortable="false" sap:updatable="false" sap:creatable="false" MaxLength="10"
					Nullable="false" Type="Edm.String" sap:label="Transportation Zone"/>
				<Property Name="TransportZoneTxt" sap:filterable="false" sap:sortable="false" sap:updatable="false" sap:creatable="false" MaxLength="20"
					Nullable="false" Type="Edm.String" sap:label="Transportation Zone description"/>
			</ComplexType>
			<ComplexType Name="AccountGrp">
				<Property Name="AccountGroup" sap:filterable="false" sap:sortable="false" sap:updatable="false" sap:creatable="false" MaxLength="4"
					Nullable="false" Type="Edm.String" sap:label="Account group" sap:semantics="KTOKD"/>
				<Property Name="AccountGroupTxt" sap:filterable="false" sap:sortable="false" sap:updatable="false" sap:creatable="false" MaxLength="30"
					Nullable="false" Type="Edm.String" sap:label="Account group text" sap:semantics="KTOKD_TXT"/>
			</ComplexType>
			<ComplexType Name="BusinessPartner">
				<Property Name="BusinessPartnerNo" sap:filterable="false" sap:sortable="false" sap:updatable="false" sap:creatable="false" sap:label="BusinessPartnerNo" MaxLength="10" 
				Nullable="false" Type="Edm.String"/>
				<Property Name="BusinessPartnerTxt" sap:filterable="false" sap:sortable="false" sap:updatable="false" sap:creatable="false" sap:label="BusinessPartnerText" MaxLength="40" 
				Nullable="false" Type="Edm.String"/>
			</ComplexType>
			<EntityContainer Name="Z_VENDOR_WF_SRV_Entities" sap:supportedformats="atom json xlsx" m:IsDefaultEntityContainer="true">
				<EntitySet sap:contentversion="1" Name="CustomerSet" sap:updatable="false" sap:creatable="false" sap:addressable="false"
					sap:pageable="false" sap:deletable="false" EntityType="Z_VENDOR_WF_SRV.Customer"/>
				<EntitySet sap:contentversion="1" Name="SalesOrgSet" sap:updatable="false" sap:creatable="false" sap:addressable="false"
					sap:pageable="false" sap:deletable="false" EntityType="Z_VENDOR_WF_SRV.SalesOrg"/>
				<EntitySet sap:contentversion="1" Name="VendorSet" sap:updatable="false" sap:creatable="false" sap:addressable="false" sap:pageable="false"
					sap:deletable="false" EntityType="Z_VENDOR_WF_SRV.Vendor"/>
				<EntitySet sap:contentversion="1" Name="CountrySet" sap:updatable="false" sap:creatable="false" sap:addressable="false" sap:pageable="false"
					sap:deletable="false" EntityType="Z_VENDOR_WF_SRV.Country"/>
				<EntitySet sap:contentversion="1" Name="CompCodeSet" sap:updatable="false" sap:creatable="false" sap:addressable="false"
					sap:pageable="false" sap:deletable="false" EntityType="Z_VENDOR_WF_SRV.CompCode"/>
				<EntitySet sap:contentversion="1" Name="RegionSet" sap:updatable="false" sap:creatable="false" sap:addressable="false" sap:pageable="false"
					sap:deletable="false" EntityType="Z_VENDOR_WF_SRV.Region"/>
				<EntitySet sap:contentversion="1" Name="LanguageSet" sap:updatable="false" sap:creatable="false" sap:addressable="false"
					sap:pageable="false" sap:deletable="false" EntityType="Z_VENDOR_WF_SRV.Language"/>
				<EntitySet sap:contentversion="1" Name="CurrencySet" sap:updatable="false" sap:creatable="false" sap:addressable="false"
					sap:pageable="false" sap:deletable="false" EntityType="Z_VENDOR_WF_SRV.Currency"/>
				<EntitySet sap:contentversion="1" Name="CategorySet" sap:updatable="false" sap:creatable="false" sap:addressable="false"
					sap:pageable="false" sap:deletable="false" EntityType="Z_VENDOR_WF_SRV.Category"/>
				<EntitySet sap:contentversion="1" Name="PurchOrgSet" sap:updatable="false" sap:creatable="false" sap:addressable="false"
					sap:pageable="false" sap:deletable="false" EntityType="Z_VENDOR_WF_SRV.PurchOrg"/>
				<EntitySet sap:contentversion="1" Name="IncoTermSet" sap:updatable="false" sap:creatable="false" sap:addressable="false"
					sap:pageable="false" sap:deletable="false" EntityType="Z_VENDOR_WF_SRV.IncoTerm"/>
				<EntitySet sap:contentversion="1" Name="PaymtMethodSet" sap:updatable="false" sap:creatable="false" sap:addressable="false"
					sap:pageable="false" sap:deletable="false" EntityType="Z_VENDOR_WF_SRV.PaymtMethod"/>
				<EntitySet sap:contentversion="1" Name="PaymtTermSet" sap:updatable="false" sap:creatable="false" sap:addressable="false"
					sap:pageable="false" sap:deletable="false" EntityType="Z_VENDOR_WF_SRV.PaymtTerm"/>
				<EntitySet sap:contentversion="1" Name="TypeBusinessSet" sap:updatable="false" sap:creatable="false" sap:addressable="false"
					sap:pageable="false" sap:deletable="false" EntityType="Z_VENDOR_WF_SRV.TypeBusiness"/>
				<FunctionImport Name="GetCustomerList" m:HttpMethod="GET" EntitySet="CustomerSet" ReturnType="Collection(Z_VENDOR_WF_SRV.Customer)">
					<Parameter Name="Country" MaxLength="3" Type="Edm.String" Mode="In"/>
					<Parameter Name="District" MaxLength="40" Type="Edm.String" Mode="In"/>
					<Parameter Name="Name2" MaxLength="40" Type="Edm.String" Mode="In"/>
					<Parameter Name="Street" MaxLength="60" Type="Edm.String" Mode="In"/>
					<Parameter Name="ZIP" MaxLength="10" Type="Edm.String" Mode="In"/>
					<Parameter Name="VatRegNo" MaxLength="10" Type="Edm.String" Mode="In"/>
					<Parameter Name="TaxNo1" MaxLength="16" Type="Edm.String" Mode="In"/>
					<Parameter Name="TaxNo2" MaxLength="11" Type="Edm.String" Mode="In"/>
					<Parameter Name="CompCode" MaxLength="4" Type="Edm.String" Mode="In"/>
					<Parameter Name="SalesOrg" MaxLength="4" Type="Edm.String" Mode="In"/>
					<Parameter Name="Name1" MaxLength="40" Type="Edm.String" Mode="In"/>
					<Parameter Name="HouseNum" MaxLength="10" Type="Edm.String" Mode="In"/>
					<Parameter Name="City" MaxLength="40" Type="Edm.String" Mode="In"/>
				</FunctionImport>
				<FunctionImport Name="GetSalesOrgList" m:HttpMethod="GET" EntitySet="SalesOrgSet" ReturnType="Collection(Z_VENDOR_WF_SRV.SalesOrg)">
					<Parameter Name="CompCode" MaxLength="4" Type="Edm.String" Mode="In"/>
				</FunctionImport>
				<FunctionImport Name="ValidateVatRegNo" m:HttpMethod="GET" ReturnType="Z_VENDOR_WF_SRV.Boolean">
					<Parameter Name="VatRegNo" MaxLength="20" Type="Edm.String" Mode="In"/>
					<Parameter Name="Country" MaxLength="3" Type="Edm.String" Mode="In"/>
				</FunctionImport>
				<FunctionImport Name="GetCountryList" m:HttpMethod="GET" EntitySet="CountrySet" ReturnType="Collection(Z_VENDOR_WF_SRV.Country)"/>
				<FunctionImport Name="GetCompCodeList" m:HttpMethod="GET" EntitySet="CompCodeSet" ReturnType="Collection(Z_VENDOR_WF_SRV.CompCode)"/>
				<FunctionImport Name="GetVendorList" m:HttpMethod="GET" EntitySet="VendorSet" ReturnType="Collection(Z_VENDOR_WF_SRV.Vendor)">
					<Parameter Name="City" MaxLength="40" Type="Edm.String" Mode="In"/>
					<Parameter Name="HouseNum" MaxLength="10" Type="Edm.String" Mode="In"/>
					<Parameter Name="Name1" MaxLength="40" Type="Edm.String" Mode="In"/>
					<Parameter Name="PurchOrg" MaxLength="4" Type="Edm.String" Mode="In"/>
					<Parameter Name="CompCode" MaxLength="4" Type="Edm.String" Mode="In"/>
					<Parameter Name="TaxNo2" MaxLength="11" Type="Edm.String" Mode="In"/>
					<Parameter Name="TaxNo1" MaxLength="16" Type="Edm.String" Mode="In"/>
					<Parameter Name="VatRegNo" MaxLength="10" Type="Edm.String" Mode="In"/>
					<Parameter Name="ZIP" MaxLength="10" Type="Edm.String" Mode="In"/>
					<Parameter Name="Street" MaxLength="60" Type="Edm.String" Mode="In"/>
					<Parameter Name="Name2" MaxLength="40" Type="Edm.String" Mode="In"/>
					<Parameter Name="District" MaxLength="40" Type="Edm.String" Mode="In"/>
					<Parameter Name="Country" MaxLength="3" Type="Edm.String" Mode="In"/>
				</FunctionImport>
				<FunctionImport Name="GetRegionList" m:HttpMethod="GET" EntitySet="RegionSet" ReturnType="Collection(Z_VENDOR_WF_SRV.Region)">
					<Parameter Name="Country" MaxLength="3" Type="Edm.String" Mode="In"/>
				</FunctionImport>
				<FunctionImport Name="GetLanguageList" m:HttpMethod="GET" EntitySet="LanguageSet" ReturnType="Collection(Z_VENDOR_WF_SRV.Language)"/>
				<FunctionImport Name="GetCurrencyList" m:HttpMethod="GET" EntitySet="CurrencySet" ReturnType="Collection(Z_VENDOR_WF_SRV.Currency)"/>
				<FunctionImport Name="GetCategoryList" m:HttpMethod="GET" EntitySet="CategorySet" ReturnType="Collection(Z_VENDOR_WF_SRV.Category)"/>
				<FunctionImport Name="ValidateIBAN" m:HttpMethod="GET" ReturnType="Z_VENDOR_WF_SRV.Bank_keys">
					<Parameter Name="Iban" MaxLength="34" Type="Edm.String" Mode="In"/>
				</FunctionImport>
				<FunctionImport Name="ValidateBank" m:HttpMethod="GET" ReturnType="Z_VENDOR_WF_SRV.Bank_info">
					<Parameter Name="BankCnt" MaxLength="3" Type="Edm.String" Mode="In"/>
					<Parameter Name="BankKey" MaxLength="15" Type="Edm.String" Mode="In"/>
				</FunctionImport>
				<FunctionImport Name="GetPurchOrgList" m:HttpMethod="GET" EntitySet="PurchOrgSet" ReturnType="Collection(Z_VENDOR_WF_SRV.PurchOrg)">
					<Parameter Name="CompCode" MaxLength="4" Type="Edm.String" Mode="In"/>
				</FunctionImport>
				<FunctionImport Name="GetIncoList" m:HttpMethod="GET" EntitySet="IncoTermSet" ReturnType="Collection(Z_VENDOR_WF_SRV.IncoTerm)"/>
				<FunctionImport Name="GetPayMethodList" m:HttpMethod="GET" EntitySet="PaymtMethodSet" ReturnType="Collection(Z_VENDOR_WF_SRV.PaymtMethod)">
					<Parameter Name="CompCode" MaxLength="4" Type="Edm.String" Mode="In"/>
				</FunctionImport>
				<FunctionImport Name="GetPayTermList" m:HttpMethod="GET" EntitySet="PaymtTermSet" ReturnType="Collection(Z_VENDOR_WF_SRV.PaymtTerm)"/>
				<FunctionImport Name="GetTypeBusiness" m:HttpMethod="GET" EntitySet="TypeBusinessSet" ReturnType="Collection(Z_VENDOR_WF_SRV.TypeBusiness)">
					<Parameter Name="Country" MaxLength="3" Type="Edm.String" Mode="In"/>
				</FunctionImport>
				<FunctionImport Name="GetCustCompCodeList" m:HttpMethod="GET" EntitySet="CompCodeSet" ReturnType="Collection(Z_VENDOR_WF_SRV.CompCode)"/>
				<FunctionImport Name="GetTimeZoneList" m:HttpMethod="GET" ReturnType="Collection(Z_VENDOR_WF_SRV.TimeZone)"/>
				<FunctionImport Name="GetTransportZoneList" m:HttpMethod="GET" ReturnType="Collection(Z_VENDOR_WF_SRV.TransportZone)"/>
				<FunctionImport Name="GetAccountGrpList" m:HttpMethod="GET" ReturnType="Z_VENDOR_WF_SRV.AccountGrp">
					<Parameter Name="SalesOrg" MaxLength="4" Type="Edm.String" Mode="In"/>
					<Parameter Name="CompCode" MaxLength="4" Type="Edm.String" Mode="In"/>
				</FunctionImport>
				<FunctionImport Name="GetBusinessPartner" m:HttpMethod="GET" ReturnType="Z_VENDOR_WF_SRV.BusinessPartner">
					<Parameter Name="BusinessPartner" MaxLength="10" Type="Edm.String" Mode="In"/>
				</FunctionImport>
			</EntityContainer>
			<atom:link xmlns:atom="http://www.w3.org/2005/Atom"
				href="./sap/Z_VENDOR_WF_SRV/$metadata" rel="self"/>
			<atom:link xmlns:atom="http://www.w3.org/2005/Atom"
				href="./sap/Z_VENDOR_WF_SRV/$metadata" rel="latestversion"/>
		</Schema>
	</edmx:DataServices>
</edmx:Edmx>